{
  "gnn_run": {
    "sg_iou": 0.014705882352941176,
    "entity_iou": 0.03849206349206349,
    "relation_iou": 0.014705882352941176,
    "n_images": 102
  },
  "repr_run": {
    "sg_iou": 0.0130718954248366,
    "entity_iou": 0.042577030812324924,
    "relation_iou": 0.014705882352941176,
    "n_images": 102
  }
}