{
  "gnn_run": {
    "sg_iou": 0.3728758169934641,
    "entity_iou": 0.667390289449113,
    "relation_iou": 0.5334967320261437,
    "n_images": 102
  },
  "repr_run": {
    "sg_iou": 0.40735294117647064,
    "entity_iou": 0.6780578898225956,
    "relation_iou": 0.5473856209150326,
    "n_images": 102
  }
}