{
  "metadata_file": "dataset/MultiRels/valdata.jsonl",
  "methods_evaluated": [
    "gnn_run",
    "repr_run"
  ],
  "num_methods": 2,
  "num_test_scenes": 17,
  "metrics": {
    "gnn_run": {
      "sg_iou": 0.21666666666666665,
      "entity_iou": 0.5809243697478994,
      "relation_iou": 0.4264705882352941,
      "n_images": 85
    },
    "repr_run": {
      "sg_iou": 0.26999999999999996,
      "entity_iou": 0.5891596638655462,
      "relation_iou": 0.4470588235294117,
      "n_images": 85
    }
  }
}